{"accuracy": [0.3901028335094452, 0.5938303470611572, 0.6201799511909485, 0.625, 0.6243573427200317, 0.6413881778717041, 0.6240360140800476, 0.6420308351516724, 0.6304627060890198, 0.6481362581253052, 0.6359254717826843, 0.6491002440452576, 0.6539202928543091, 0.656812310218811, 0.6677377820014954], "loss": [0.49961036443710327, 0.22528663277626038, 0.17411553859710693, 0.15103839337825775, 0.13503825664520264, 0.12313290685415268, 0.11144891381263733, 0.103925421833992, 0.09655191749334335, 0.09446883201599121, 0.08321228623390198, 0.08368028700351715, 0.0747259110212326, 0.07105551660060883, 0.06621796637773514], "val_accuracy": [0.6618182063102722, 0.6490908861160278, 0.6763636469841003, 0.6727272868156433, 0.6418181657791138, 0.6127272844314575, 0.6236363649368286, 0.6672727465629578, 0.6472727060317993, 0.6654545664787292, 0.6127272844314575, 0.6345454454421997, 0.6709091067314148, 0.699999988079071, 0.696363627910614], "val_loss": [0.4159415364265442, 0.17984960973262787, 0.13501198589801788, 0.11896198987960815, 0.11023207008838654, 0.1042243018746376, 0.10515578836202621, 0.10865909606218338, 0.12171649187803268, 0.11164882034063339, 0.10341478139162064, 0.11979112029075623, 0.13847199082374573, 0.13890734314918518, 0.11061129719018936]}